<?xml version="1.0" encoding="UTF-8"?>
<project-private xmlns="http://www.netbeans.org/ns/project-private/1">
    <editor-bookmarks xmlns="http://www.netbeans.org/ns/editor-bookmarks/2" lastBookmarkId="0"/>
    <open-files xmlns="http://www.netbeans.org/ns/projectui-open-files/2">
        <group>
            <file>file:/Users/Sajishan/Desktop/CPS888_Phase4/CPSProject_FInal/CPSProject/test/UserTest.java</file>
            <file>file:/Users/Sajishan/Desktop/CPS888_Phase4/CPSProject_FInal/CPSProject/src/Buyer.java</file>
            <file>file:/Users/Sajishan/Desktop/CPS888_Phase4/CPSProject_FInal/CPSProject/test/BuyerTest.java</file>
            <file>file:/Users/Sajishan/Desktop/CPS888_Phase4/CPSProject_FInal/CPSProject/test/MainTest.java</file>
            <file>file:/Users/Sajishan/Desktop/CPS888_Phase4/CPSProject_FInal/CPSProject/test/SellerTest.java</file>
            <file>file:/Users/Sajishan/Desktop/CPS888_Phase4/CPSProject_FInal/CPSProject/src/Seller.java</file>
            <file>file:/Users/Sajishan/Desktop/CPS888_Phase4/CPSProject_FInal/CPSProject/src/Admin.java</file>
        </group>
    </open-files>
</project-private>
